measure_id,measure_name,measure_start_quarter,start_date,measure_end_quarter,end_date
ASC_1,Number of patients who experience a burn prior to discharge from the ASC,1Q2024,2024-01-01,4Q2024,2024-12-31
ASC_11,Percentage of patients who had cataract surgery and had improvement in visual function within 90 days following the surgery,1Q2024,2024-01-01,4Q2024,2024-12-31
ASC_12,Facility 7-Day Risk Standardized Hospital Visit Rate after Outpatient Colonoscopy,1Q2022,2022-01-01,4Q2024,2024-12-31
ASC_13,Percentage of patients who received anesthesia who had a body temperature of 96.8 Fahrenheit within 15 minutes of arriving in the post-anesthesia care unit,1Q2024,2024-01-01,4Q2024,2024-12-31
ASC_14,Percentage of cataract surgeries that had an unplanned additional eye surgery (anterior vitrectomy),1Q2024,2024-01-01,4Q2024,2024-12-31
ASC_17,Hospital Visits after Orthopedic Ambulatory Surgical Center Procedures,1Q2023,2023-01-01,4Q2024,2024-12-31
ASC_18,Hospital Visits after Urology Ambulatory Surgical Center Procedures,1Q2023,2023-01-01,4Q2024,2024-12-31
ASC_19,Hospital Visits after General Surgery Procedures Performed,1Q2023,2023-01-01,4Q2024,2024-12-31
ASC_2,Number of patients who experience a fall within the ASC,1Q2024,2024-01-01,4Q2024,2024-12-31
ASC_3,"Number of patients who experience a wrong site, side, patient, procedure, or implant",1Q2024,2024-01-01,4Q2024,2024-12-31
ASC_4,Percentage of ASC patients who are transferred or admitted to a hospital upon discharge from the ASC,1Q2024,2024-01-01,4Q2024,2024-12-31
ASC_9,Percentage of patients receiving appropriate recommendation for follow-up screening colonoscopy,1Q2024,2024-01-01,4Q2024,2024-12-31
COMP_HIP_KNEE,Complication Rate Following Elective Primary Total Hip Arthroplasty (THA) and/or Total Knee Arthroplasty (TKA),2Q2023,2023-04-01,1Q2025,2025-03-31
COMP_HIP_KNEE_HVBP_Baseline,Complication Rate Following Elective Primary Total Hip Arthroplasty (THA) and/or Total Knee Arthroplasty (TKA),2Q2016,2016-04-01,1Q2019,2019-03-31
COMP_HIP_KNEE_HVBP_Performance,Complication Rate Following Elective Primary Total Hip Arthroplasty (THA) and/or Total Knee Arthroplasty (TKA),2Q2021,2021-04-01,1Q2024,2024-03-31
EDAC_30_AMI,Excess Days in Acute Care after Hospitalization for Acute Myocardial Infarction,3Q2022,2022-07-01,2Q2025,2025-06-30
EDAC_30_HF,Excess Days in Acute Care after Hospitalization for Heart Failure,3Q2022,2022-07-01,2Q2025,2025-06-30
EDAC_30_PN,Excess Days in Acute Care after Hospitalization for Pneumonia,3Q2022,2022-07-01,2Q2025,2025-06-30
EDV,Emergency Department Volume,1Q2024,2024-01-01,4Q2024,2024-12-31
FAPH_30,Percent of patients receiving follow-up care within 30 days after psychiatric hospitalization,3Q2023,2023-07-01,2Q2024,2024-06-30
FAPH_7,Percent of patients receiving follow-up care within 7 days after psychiatric hospitalization,3Q2023,2023-07-01,2Q2024,2024-06-30
GMCS,Global Malnutrition Composite Score,1Q2024,2024-01-01,4Q2024,2024-12-31
HACRP_CAUTI,Catheter-associated Urinary Tract Infection (CAUTI) Outcome Measure,1Q2023,2023-01-01,4Q2024,2024-12-31
HACRP_CDI,Clostridium difficile Infection (CDI) Outcome Measure,1Q2023,2023-01-01,4Q2024,2024-12-31
HACRP_CLABSI,Central line-associated Bloodstream Infection (CLABSI) Outcome Measure,1Q2023,2023-01-01,4Q2024,2024-12-31
HACRP_MRSA,Methicillin-resistant Staphylococcus aureus (MRSA) Bacteremia Outcome Measure,1Q2023,2023-01-01,4Q2024,2024-12-31
HACRP_PSI90,Patient Safety and Adverse Events Composite (CMS PSI 90),3Q2022,2022-07-01,2Q2024,2024-06-30
HACRP_SSI,Surgical Site Infection (SSI) for Abdominal Hysterectomy and Colon Procedures Outcome Measure,1Q2023,2023-01-01,4Q2024,2024-12-31
HACRP_Total,Total_HAC_Score,3Q2022,2022-07-01,4Q2024,2024-12-31
HAI_1,Central Line Associated Bloodstream Infection (ICU + select Wards),4Q2024,2024-10-01,3Q2025,2025-09-30
HAI_1_HVBP_Baseline,Central Line Associated Bloodstream Infection,1Q2022,2022-01-01,4Q2022,2022-12-31
HAI_1_HVBP_Performance,Central Line Associated Bloodstream Infection,1Q2024,2024-01-01,4Q2024,2024-12-31
HAI_2,Catheter Associated Urinary Tract Infections (ICU + select Wards),4Q2024,2024-10-01,3Q2025,2025-09-30
HAI_2_HVBP_Baseline,Catheter Associated Urinary Tract Infections,1Q2022,2022-01-01,4Q2022,2022-12-31
HAI_2_HVBP_Performance,Catheter Associated Urinary Tract Infections,1Q2024,2024-01-01,4Q2024,2024-12-31
HAI_3,SSI - Colon Surgery,4Q2024,2024-10-01,3Q2025,2025-09-30
HAI_3_HVBP_Baseline,SSI - Colon Surgery,1Q2022,2022-01-01,4Q2022,2022-12-31
HAI_3_HVBP_Performance,SSI - Colon Surgery,1Q2024,2024-01-01,4Q2024,2024-12-31
HAI_4,SSI - Abdominal Hysterectomy,4Q2024,2024-10-01,3Q2025,2025-09-30
HAI_4_HVBP_Baseline,SSI - Abdominal Hysterectomy,1Q2022,2022-01-01,4Q2022,2022-12-31
HAI_4_HVBP_Performance,SSI - Abdominal Hysterectomy,1Q2024,2024-01-01,4Q2024,2024-12-31
HAI_5,MRSA Bacteremia,4Q2024,2024-10-01,3Q2025,2025-09-30
HAI_5_HVBP_Baseline,MRSA,1Q2022,2022-01-01,4Q2022,2022-12-31
HAI_5_HVBP_Performance,MRSA,1Q2024,2024-01-01,4Q2024,2024-12-31
HAI_6,Clostridium Difficile (C.Diff),4Q2024,2024-10-01,3Q2025,2025-09-30
HAI_6_HVBP_Baseline,CDI,1Q2022,2022-01-01,4Q2022,2022-12-31
HAI_6_HVBP_Performance,CDI,1Q2024,2024-01-01,4Q2024,2024-12-31
HBIPS_2,Hours of physical-restraint use,1Q2024,2024-01-01,4Q2024,2024-12-31
HBIPS_3,Hours of seclusion,1Q2024,2024-01-01,4Q2024,2024-12-31
HCAHPS,Patient satisfaction survey results,4Q2024,2024-10-01,3Q2025,2025-09-30
HCAHPS_HVBP_Baseline,HCAHPS Measures,1Q2022,2022-01-01,4Q2022,2022-12-31
HCAHPS_HVBP_Performance,HCAHPS Measures,1Q2024,2024-01-01,4Q2024,2024-12-31
HH_HYPER,Hospital Harm - Severe Hyperglycemia,1Q2024,2024-01-01,4Q2024,2024-12-31
HH_HYPO,Hospital Harm - Severe Hypoglycemia,1Q2024,2024-01-01,4Q2024,2024-12-31
HH_ORAE,Hospital Harm - Opioid-Related Adverse Events,1Q2024,2024-01-01,4Q2024,2024-12-31
Hybrid_HWM,Hybrid Hospital-Wide All-Cause Risk Standardized Mortality Rate,3Q2024,2024-07-01,2Q2025,2025-06-30
Hybrid_HWR,Hybrid Hospital-Wide All-Cause Readmission Rate,3Q2024,2024-07-01,2Q2025,2025-06-30
IMM_3,Healthcare Personnel Influenza Vaccination,4Q2024,2024-10-01,1Q2025,2025-03-31
IPFQR_IMM_2,Influenza Immunization,4Q2024,2024-10-01,1Q2025,2025-03-31
MedCont,Medication Continuation Following Inpatient Psychiatric Discharge,3Q2022,2022-07-01,2Q2024,2024-06-30
MORT_30_AMI,Acute Myocardial Infarction (AMI) 30-Day Mortality Rate,3Q2022,2022-07-01,2Q2025,2025-06-30
MORT_30_AMI_HVBP_Baseline,Acute Myocardial Infarction (AMI) 30-Day Mortality Rate,3Q2016,2016-07-01,2Q2019,2019-06-30
MORT_30_AMI_HVBP_Performance,Acute Myocardial Infarction (AMI) 30-Day Mortality Rate,3Q2021,2021-07-01,2Q2024,2024-06-30
MORT_30_CABG,30-Day All-Cause Mortality Following Coronary Artery Bypass Graft (CABG) Surgery,3Q2022,2022-07-01,2Q2025,2025-06-30
MORT_30_CABG_HVBP_Baseline,30-Day All-Cause Mortality Following Coronary Artery Bypass Graft (CABG) Surgery,3Q2016,2016-07-01,2Q2019,2019-06-30
MORT_30_CABG_HVBP_Performance,30-Day All-Cause Mortality Following Coronary Artery Bypass Graft (CABG) Surgery,3Q2021,2021-07-01,2Q2024,2024-06-30
MORT_30_COPD,Chronic Obstructive Pulmonary Disease (COPD) 30-Day Mortality Rate,3Q2022,2022-07-01,2Q2025,2025-06-30
MORT_30_COPD_HVBP_Baseline,Chronic Obstructive Pulmonary Disease (COPD) 30-Day Mortality Rate,3Q2016,2016-07-01,2Q2019,2019-06-30
MORT_30_COPD_HVBP_Performance,Chronic Obstructive Pulmonary Disease (COPD) 30-Day Mortality Rate,3Q2021,2021-07-01,2Q2024,2024-06-30
MORT_30_HF,Heart Failure (HF) 30-Day Mortality Rate,3Q2022,2022-07-01,2Q2025,2025-06-30
MORT_30_HF_HVBP_Baseline,Heart Failure (HF) 30-Day Mortality Rate,3Q2016,2016-07-01,2Q2019,2019-06-30
MORT_30_HF_HVBP_Performance,Heart Failure (HF) 30-Day Mortality Rate,3Q2021,2021-07-01,2Q2024,2024-06-30
MORT_30_PN,Pneumonia 30-Day Mortality Rate,3Q2022,2022-07-01,2Q2025,2025-06-30
MORT_30_PN_HVBP_Baseline,Pneumonia 30-Day Mortality Rate,3Q2016,2016-07-01,2Q2019,2019-06-30
MORT_30_PN_HVBP_Performance,Pneumonia 30-Day Mortality Rate,3Q2021,2021-07-01,2Q2024,2024-06-30
MORT_30_STK,Acute Ischemic Stroke (STK) 30-Day Mortality Rate,3Q2023,2023-07-01,2Q2025,2025-06-30
MSPB_1,Spending per Hospital Patient with Medicare (Medicare Spending per Beneficiary),1Q2024,2024-01-01,4Q2024,2024-12-31
MSPB_1_HVBP_Baseline,Spending per Hospital Patient with Medicare (Medicare Spending per Beneficiary),1Q2022,2022-01-01,4Q2022,2022-12-31
MSPB_1_HVBP_Performance,Spending per Hospital Patient with Medicare (Medicare Spending per Beneficiary),1Q2024,2024-01-01,4Q2024,2024-12-31
OAS CAHPS,Survey of Patient Experience - Outpatient,4Q2024,2024-10-01,3Q2025,2025-09-30
OP_10,Abdomen CT - Use of Contrast Material,3Q2024,2024-07-01,2Q2025,2025-06-30
OP_18a,"Average (median) time all patients spent in the emergency department before leaving from the visit, including psychiatric/mental health patients and patients who were transferred to another facility. A lower number of minutes is better",4Q2024,2024-10-01,3Q2025,2025-09-30
OP_18b,"Average (median) time patients spent in the emergency department before leaving from the visit, excluding patients transferred to another facility or psychiatric care/mental health patients. A lower number of minutes is better",4Q2024,2024-10-01,3Q2025,2025-09-30
OP_18c,Average (median) time psychiatric/mental health patients spent in the emergency department before leaving from the visit. A lower number of minutes is better,4Q2024,2024-10-01,3Q2025,2025-09-30
OP_18d,Average (median) time patients spent in the emergency department before being transferred to another facility. A lower number of minutes is better,4Q2024,2024-10-01,3Q2025,2025-09-30
OP_22,Left without being seen,1Q2024,2024-01-01,4Q2024,2024-12-31
OP_23,Head CT or MRI Scan Results for Acute Ischemic Stroke or Hemorrhagic Stroke Patients who Received Head CT or MRI Scan Interpretation Within 45 Minutes of E,4Q2024,2024-10-01,3Q2025,2025-09-30
OP_29,Appropriate Follow-Up Interval for Normal Colonoscopy in Average Risk Patients,1Q2024,2024-01-01,4Q2024,2024-12-31
OP_31,Cataracts - Improvement in Patient's Visual Function within 90 Days Following Cataract Surgery,1Q2024,2024-01-01,4Q2024,2024-12-31
OP_32,Facility 7-Day Risk Standardized Hospital Visit Rate after Outpatient Colonoscopy,1Q2022,2022-01-01,4Q2024,2024-12-31
OP_35_ADM,Admissions for patients receiving outpatient chemotherapy,1Q2024,2024-01-01,4Q2024,2024-12-31
OP_35_ED,Emergency department (ED) visits for patients receiving outpatient chemotherapy,1Q2024,2024-01-01,4Q2024,2024-12-31
OP_36,Hospital visits after hospital outpatient surgery,1Q2024,2024-01-01,4Q2024,2024-12-31
OP_39,Breast Cancer Screening Recall Rates,3Q2024,2024-07-01,2Q2025,2025-06-30
OP_40,ST-Segment Elevation Myocardial Infarction (STEMI),1Q2024,2024-01-01,4Q2024,2024-12-31
PCH HCAHPS,PCH patient satisfaction survey results,4Q2024,2024-10-01,3Q2025,2025-09-30
PCH_26,Clostridium Difficile (C.Diff),4Q2024,2024-10-01,3Q2025,2025-09-30
PCH_27,MRSA Bacteremia,4Q2024,2024-10-01,3Q2025,2025-09-30
PCH_28,Influenza Vaccination Coverage Among Healthcare Personnel (HCP),4Q2024,2024-10-01,1Q2025,2025-03-31
PCH_30,Admissions for Patients Receiving Outpatient Chemotherapy,3Q2024,2024-07-01,2Q2025,2025-06-30
PCH_31,Emergency Department (ED) Visits for Patients Receiving Outpatient Chemotherapy,3Q2024,2024-07-01,2Q2025,2025-06-30
PCH_32,Proportion of patients who died from cancer receiving chemotherapy in the last 14 days of life,3Q2024,2024-07-01,2Q2025,2025-06-30
PCH_33,Proportion of patients who died from cancer admitted to the ICU in the last 30 days of life,3Q2024,2024-07-01,2Q2025,2025-06-30
PCH_34,Proportion of patients who died from cancer not admitted to hospice,3Q2024,2024-07-01,2Q2025,2025-06-30
PCH_35,Proportion of patients who died from cancer admitted to hospice for less than 3 days,3Q2024,2024-07-01,2Q2025,2025-06-30
PCH_36,30-Day Unplanned Readmission for Cancer Patients,4Q2023,2023-10-01,3Q2024,2024-09-30
PCH_37,Surgical treatment complications for localized prostate cancer,3Q2023,2023-07-01,2Q2024,2024-06-30
PCH_38,Percentage of healthcare personnel who are up to date with COVID-19 vaccinations,3Q2025,2025-07-01,3Q2025,2025-09-30
PCH_4,Central Line-Associated Bloodstream Infection (CLABSI),4Q2024,2024-10-01,3Q2025,2025-09-30
PCH_42,Essential process of documenting goals of care conversations in the electronic health record (EHR) by assessing the presence of this documentation in the medical record.,1Q2024,2024-01-01,4Q2024,2024-12-31
PCH_5,Catheter-Associated Urinary Tract Infections (CAUTI),4Q2024,2024-10-01,3Q2025,2025-09-30
PCH_6,Surgical Site Infection from colon surgery (SSI: Colon),4Q2024,2024-10-01,3Q2025,2025-09-30
PCH_7,Surgical Site Infection from abdominal hysterectomy (SSI: Hysterectomy),4Q2024,2024-10-01,3Q2025,2025-09-30
PC_02,Cesarean Birth,1Q2024,2024-01-01,4Q2024,2024-12-31
PC_07a,Risk Adjusted Severe Obstetric Complications (All),1Q2024,2024-01-01,4Q2024,2024-12-31
PC_07b,Risk Adjusted Severe Obstetric Complications (excluding blood-transfusion-only cases),1Q2024,2024-01-01,4Q2024,2024-12-31
PI_F_Status,Meets criteria for promoting interoperability of EHRs,1Q2024,2024-01-01,4Q2024,2024-12-31
PSI_03,Pressure Ulcer Rate,3Q2022,2022-07-01,2Q2024,2024-06-30
PSI_04,Death rate among surgical inpatients with serious treatable complications,3Q2022,2022-07-01,2Q2024,2024-06-30
PSI_06,Iatrogenic pneumothorax rate,3Q2022,2022-07-01,2Q2024,2024-06-30
PSI_08,In-hospital fall-associated fracture rate,3Q2022,2022-07-01,2Q2024,2024-06-30
PSI_09,Postoperative Hemorrhage or Hematoma Rate,3Q2022,2022-07-01,2Q2024,2024-06-30
PSI_10,Postoperative Acute Kidney Injury Requiring Dialysis Rate,3Q2022,2022-07-01,2Q2024,2024-06-30
PSI_11,Postoperative Respiratory Failure Rate,3Q2022,2022-07-01,2Q2024,2024-06-30
PSI_12,Perioperative Pulmonary Embolism (PE) or Deep Vein Thrombosis (DVT) Rate,3Q2022,2022-07-01,2Q2024,2024-06-30
PSI_13,Postoperative Sepsis Rate,3Q2022,2022-07-01,2Q2024,2024-06-30
PSI_14,Postoperative Wound Dehiscence Rate,3Q2022,2022-07-01,2Q2024,2024-06-30
PSI_15,Abdominopelvic accidental puncture or laceration rate,3Q2022,2022-07-01,2Q2024,2024-06-30
PSI_90,Patient Safety and Adverse Events Composite,3Q2022,2022-07-01,2Q2024,2024-06-30
READM_30_AMI,Acute Myocardial Infarction (AMI) 30-Day Readmission Rate,3Q2023,2023-07-01,2Q2025,2025-06-30
READM_30_AMI_HRRP,30-Day All-Cause Risk-Standardized Readmission Rate Following Acute Myocardial Infarction (AMI) Hospitalization,3Q2021,2021-07-01,2Q2024,2024-06-30
READM_30_CABG,30-Day All-Cause Unplanned Readmission Following Coronary Artery Bypass Graft Surgery (CABG),3Q2023,2023-07-01,2Q2025,2025-06-30
READM_30_CABG_HRRP,30-Day All-Cause Risk-Standardized Readmission Rate Following Coronary Artery Bypass Graft (CABG) Surgery,3Q2021,2021-07-01,2Q2024,2024-06-30
READM_30_COPD,Chronic Obstructive Pulmonary Disease (COPD) 30-Day Readmission Rate,3Q2023,2023-07-01,2Q2025,2025-06-30
READM_30_COPD_HRRP,30-Day All-Cause Risk-Standardized Readmission Rate Following Chronic Obstructive Pulmonary Disease (COPD) Hospitalization,3Q2021,2021-07-01,2Q2024,2024-06-30
READM_30_HF,Heart Failure (HF) 30-Day Readmission Rate,3Q2023,2023-07-01,2Q2025,2025-06-30
READM_30_HF_HRRP,30-Day All-Cause Risk-Standardized Readmission Rate Following Heart Failure (HF) Hospitalization,3Q2021,2021-07-01,2Q2024,2024-06-30
READM_30_HIP_KNEE,30-Day Readmission Rate Following Elective Primary Total Hip Arthroplasty (THA) and/or Total Knee Arthroplasty,3Q2023,2023-07-01,2Q2025,2025-06-30
READM_30_HIP_KNEE_HRRP,30-Day All-Cause Risk-Standardized Readmission Rate Following Elective Primary Total Hip Arthroplasty (THA) and/or Total Knee Arthroplasty (TKA),3Q2021,2021-07-01,2Q2024,2024-06-30
READM_30_IPF,Rate of readmission after discharge from hospital,3Q2022,2022-07-01,2Q2024,2024-06-30
READM_30_PN,Pneumonia 30-Day Readmission Rate,3Q2023,2023-07-01,2Q2025,2025-06-30
READM_30_PN_HRRP,30-Day All-Cause Risk-Standardized Readmission Rate Following Pneumonia Hospitalization,3Q2021,2021-07-01,2Q2024,2024-06-30
REH_OP_10,Abdomen CT - Use of Contrast Material,1Q2024,2024-01-01,4Q2024,2024-12-31
REH_OP_18a,Median Time from ED Arrival to ED Departure for Discharged ED Patients - Overall Rate,4Q2024,2024-10-01,3Q2025,2025-09-30
REH_OP_18b,Median Time from ED Arrival to ED Departure for Discharged ED Patients,4Q2024,2024-10-01,3Q2025,2025-09-30
REH_OP_18c,Median Time from ED Arrival to ED Departure for Discharged ED Patients - Psychiatric/Mental Health Patients,4Q2024,2024-10-01,3Q2025,2025-09-30
REH_OP_18d,Median Time from ED Arrival to ED Departure for Discharged ED Patients - Transfer Patients,4Q2024,2024-10-01,3Q2025,2025-09-30
REH_OP_36,Hospital Visits after Hospital Outpatient Surgery,1Q2024,2024-01-01,4Q2024,2024-12-31
SAFE_USE_OF_OPIOIDS,Safe Use of Opioids - Concurrent Prescribing,1Q2024,2024-01-01,4Q2024,2024-12-31
SEP_1,Severe Sepsis and Septic Shock,4Q2024,2024-10-01,3Q2025,2025-09-30
SEP_1_HVBP_Baseline,Severe Sepsis and Septic Shock Management Bundle,1Q2022,2022-01-01,4Q2022,2022-12-31
SEP_1_HVBP_Performance,Severe Sepsis and Septic Shock Management Bundle,1Q2024,2024-01-01,4Q2024,2024-12-31
SEP_SH_3HR,Septic Shock 3-Hour Bundle,4Q2024,2024-10-01,3Q2025,2025-09-30
SEP_SH_6HR,Septic Shock 6-Hour Bundle,4Q2024,2024-10-01,3Q2025,2025-09-30
SEV_SEP_3HR,Severe Sepsis 3-Hour Bundle,4Q2024,2024-10-01,3Q2025,2025-09-30
SEV_SEP_6HR,Severe Sepsis 6-Hour Bundle,4Q2024,2024-10-01,3Q2025,2025-09-30
SMD,Screening for Metabolic Disorders,1Q2024,2024-01-01,4Q2024,2024-12-31
SM_7,Maternal Morbidity Structural Measure,1Q2024,2024-01-01,4Q2024,2024-12-31
STK_02,Discharged on Antithrombotic Therapy,1Q2024,2024-01-01,4Q2024,2024-12-31
STK_03,Anticoagulation Therapy for Atrial Fibrillation/Flutter,1Q2024,2024-01-01,4Q2024,2024-12-31
STK_05,Antithrombotic Therapy by End of Hospital Day 2,1Q2024,2024-01-01,4Q2024,2024-12-31
SUB_2,Alcohol Use Brief Intervention Provided or Offered,1Q2024,2024-01-01,4Q2024,2024-12-31
SUB_2a,Alcohol Use Brief Intervention,1Q2024,2024-01-01,4Q2024,2024-12-31
SUB_3,Alcohol and other Drug Use Disorder Treatment Provided or Offered at Discharge,1Q2024,2024-01-01,4Q2024,2024-12-31
SUB_3a,Alcohol and other Drug Use Disorder Treatment Provided at Discharge,1Q2024,2024-01-01,4Q2024,2024-12-31
THA/TKA PRO-PM,Hospital-Level Total Hip Arthroplasty/Total Knee Arthroplasty Patient-Reported Outcome-Based Performance Measure,3Q2023,2023-07-01,2Q2024,2024-06-30
TOB_3,Tobacco Use Treatment Provided or Offered at Discharge,1Q2024,2024-01-01,4Q2024,2024-12-31
TOB_3a,Tobacco Use Treatment at Discharge,1Q2024,2024-01-01,4Q2024,2024-12-31
TR1,Transition Record with Specified Elements,1Q2024,2024-01-01,4Q2024,2024-12-31
VTE_1,Venous Thromboembolism Prophylaxis,1Q2024,2024-01-01,4Q2024,2024-12-31
VTE_2,Intensive Care Unit Venous Thromboembolism Prophylaxis,1Q2024,2024-01-01,4Q2024,2024-12-31
